INSERT INTO Users (Username, Password, Email) VALUES ('ZodiacKiller', 'password1', 'tedcruz@gmail.com');
INSERT INTO Users (Username, Password, Email) VALUES ('Ali', 'password2', 'example@example.com');

INSERT INTO Categories (Category) VALUES ('General');
INSERT INTO Categories (Category) VALUES ('Category1');
INSERT INTO Categories (Category) VALUES ('Category2');
INSERT INTO Categories (Category) VALUES ('Category3');
INSERT INTO Categories (Category) VALUES ('Category4');
INSERT INTO Categories (Category) VALUES ('Category5');

INSERT INTO Submissions (Username, Title, Comment, Time, Category) VALUES ('ZodiacKiller', 'TestPost1', 'Needs more Goats!', NOW(), 'General');
INSERT INTO Submissions (Username, Title, Comment, Time, Category) VALUES ('Ali', 'TestPost2', 'Needs more Llamas!', NOW(), 'General');
INSERT INTO Submissions (Username, Title, Comment, Time, Category) VALUES ('ZodiacKiller', 'TestPost4', 'Needs more Kittens!', NOW(), 'General');
INSERT INTO Submissions (Username, Title, Comment, Time, Category) VALUES ('Ali', 'TestPost5', 'Needs more Cinco de Mayo!', NOW(), 'General');
INSERT INTO Submissions (Username, Title, Comment, Time, Category) VALUES ('ZodiacKiller', 'TestPost6', 'Needs more Tacos!', NOW(), 'Category1');
INSERT INTO Submissions (Username, Title, Comment, Time, Category) VALUES ('Ali', 'TestPost7', 'Needs more Donald Trumps!', NOW(), 'Category1');
INSERT INTO Submissions (Username, Title, Comment, Time, Category) VALUES ('ZodiacKiller', 'TestPost8', 'Needs more Fitness Gram Pacer Test!', NOW(), 'Category1');
INSERT INTO Submissions (Username, Title, Comment, Time, Category) VALUES ('Ali', 'TestPost9', 'Needs more GTRs!', NOW(), 'Category2');
INSERT INTO Submissions (Username, Title, Comment, Time, Category) VALUES ('ZodiacKiller', 'TestPost10', 'Needs more Carl the Llama!', NOW(), 'Category2');
INSERT INTO Submissions (Username, Title, Comment, Time, Category) VALUES ('Ali', 'TestPost11', 'Needs more Napisan OxyAction Plus, Now With Added Formula To Get Rid Of Those Tough Stains!', NOW(), 'Category3');
INSERT INTO Submissions (Username, Title, Comment, Time, Category) VALUES ('ZodiacKiller', 'TestPost12', 'Needs more Skyrim!', NOW(), 'Category3');
INSERT INTO Submissions (Username, Title, Comment, Time, Category) VALUES ('Ali', 'TestPost13', 'Needs less Anime!', NOW(), 'Category4');
INSERT INTO Submissions (Username, Title, Comment, Time, Category) VALUES ('ZodiacKiller', 'TestPost14', 'Needs more Windows Defender!', NOW(), 'Category4');
INSERT INTO Submissions (Username, Title, Comment, Time, Category) VALUES ('Ali', 'TestPost15', 'Needs more Smores!', NOW(), 'Category5');
INSERT INTO Submissions (Username, Title, Comment, Time, Category) VALUES ('ZodiacKiller', 'TestPost16', 'Needs more Bam, And The Dirt Is Gone!', NOW(), 'Category5');
INSERT INTO Submissions (Username, Title, Comment, Time, Category) VALUES ('Ali', 'TestPost17', 'Needs more Populate.sql', NOW(), 'Category5');

INSERT INTO Submissions (Username, Title, Comment, Time, Category) VALUES ('ZodiacKiller', 'TestPost17', 'Needs more Hey Ya!', NOW(), 'General');
INSERT INTO Submissions (Username, Title, Comment, Time, Category) VALUES ('Ali', 'TestPost18', 'Needs more Ocelots!', NOW(), 'General');
INSERT INTO Submissions (Username, Title, Comment, Time, Category) VALUES ('ZodiacKiller', 'TestPost19', 'Needs more Metal Gear Solid!', NOW(), 'General');
INSERT INTO Submissions (Username, Title, Comment, Time, Category) VALUES ('Ali', 'TestPost20', 'Needs more Snakes!', NOW(), 'General');
INSERT INTO Submissions (Username, Title, Comment, Time, Category) VALUES ('ZodiacKiller', 'TestPost21', 'Needs more Meryls!', NOW(), 'Category1');
INSERT INTO Submissions (Username, Title, Comment, Time, Category) VALUES ('Ali', 'TestPost22', 'Needs more Liquid!', NOW(), 'Category1');
INSERT INTO Submissions (Username, Title, Comment, Time, Category) VALUES ('ZodiacKiller', 'TestPost23', 'Needs more Solid!', NOW(), 'Category1');
INSERT INTO Submissions (Username, Title, Comment, Time, Category) VALUES ('Ali', 'TestPost24', 'Needs more Hal!', NOW(), 'Category2');
INSERT INTO Submissions (Username, Title, Comment, Time, Category) VALUES ('ZodiacKiller', 'TestPost25', 'Needs more Boss!', NOW(), 'Category2');
INSERT INTO Submissions (Username, Title, Comment, Time, Category) VALUES ('Ali', 'TestPost26', 'Needs a lot more Napisan OxyAction Plus, Now With Added Formula To Get Rid Of Those Tough Stains!', NOW(), 'Category3');
INSERT INTO Submissions (Username, Title, Comment, Time, Category) VALUES ('ZodiacKiller', 'TestPost27', 'Needs more Dragonborn DLC!', NOW(), 'Category3');
INSERT INTO Submissions (Username, Title, Comment, Time, Category) VALUES ('Ali', 'TestPost28', 'Needs less Communism!', NOW(), 'Category4');
INSERT INTO Submissions (Username, Title, Comment, Time, Category) VALUES ('ZodiacKiller', 'TestPost29', 'Needs more Sand!', NOW(), 'Category4');
INSERT INTO Submissions (Username, Title, Comment, Time, Category) VALUES ('Ali', 'TestPost30', 'Needs more More!', NOW(), 'Category5');
INSERT INTO Submissions (Username, Title, Comment, Time, Category) VALUES ('ZodiacKiller', 'TestPost31', 'Needs a ton more Bam, And The Dirt Is Gone!', NOW(), 'Category5');
INSERT INTO Submissions (Username, Title, Comment, Time, Category) VALUES ('Ali', 'TestPost32', 'Needs more SuperPopulate.sql', NOW(), 'Category5');

INSERT INTO Suggestions (SubmissionID, Username, Comment, Time) VALUES (1, 'Ali', 'TestSuggestion1', NOW());
INSERT INTO Suggestions (SubmissionID, Username, Comment, Time) VALUES (1, 'ZodiacKiller', 'TestSuggestion2', NOW());
INSERT INTO Suggestions (SubmissionID, Username, Comment, Time) VALUES (1, 'Ali', 'TestSuggestion3', NOW());
INSERT INTO Suggestions (SubmissionID, Username, Comment, Time) VALUES (1, 'ZodiacKiller', 'TestSuggestion4', NOW());
INSERT INTO Suggestions (SubmissionID, Username, Comment, Time) VALUES (2, 'Ali', 'TestSuggestion5', NOW());
INSERT INTO Suggestions (SubmissionID, Username, Comment, Time) VALUES (2, 'ZodiacKiller', 'TestSuggestion6', NOW());
INSERT INTO Suggestions (SubmissionID, Username, Comment, Time) VALUES (2, 'Ali', 'TestSuggestion7', NOW());
INSERT INTO Suggestions (SubmissionID, Username, Comment, Time) VALUES (2, 'ZodiacKiller', 'TestSuggestion8', NOW());
INSERT INTO Suggestions (SubmissionID, Username, Comment, Time) VALUES (3, 'Ali', 'TestSuggestion9', NOW());
INSERT INTO Suggestions (SubmissionID, Username, Comment, Time) VALUES (3, 'ZodiacKiller', 'TestSuggestion10', NOW());
INSERT INTO Suggestions (SubmissionID, Username, Comment, Time) VALUES (3, 'Ali', 'TestSuggestion11', NOW());
INSERT INTO Suggestions (SubmissionID, Username, Comment, Time) VALUES (3, 'ZodiacKiller', 'TestSuggestion12', NOW());
INSERT INTO Suggestions (SubmissionID, Username, Comment, Time) VALUES (4, 'Ali', 'TestSuggestion13', NOW());
INSERT INTO Suggestions (SubmissionID, Username, Comment, Time) VALUES (4, 'ZodiacKiller', 'TestSuggestion14', NOW());
INSERT INTO Suggestions (SubmissionID, Username, Comment, Time) VALUES (4, 'Ali', 'TestSuggestion15', NOW());
INSERT INTO Suggestions (SubmissionID, Username, Comment, Time) VALUES (4, 'ZodiacKiller', 'TestSuggestion16', NOW());
INSERT INTO Suggestions (SubmissionID, Username, Comment, Time) VALUES (5, 'Ali', 'TestSuggestion17', NOW());
INSERT INTO Suggestions (SubmissionID, Username, Comment, Time) VALUES (5, 'ZodiacKiller', 'TestSuggestion18', NOW());
INSERT INTO Suggestions (SubmissionID, Username, Comment, Time) VALUES (5, 'Ali', 'TestSuggestion19', NOW());
INSERT INTO Suggestions (SubmissionID, Username, Comment, Time) VALUES (5, 'ZodiacKiller', 'TestSuggestion20', NOW());
INSERT INTO Suggestions (SubmissionID, Username, Comment, Time) VALUES (6, 'Ali', 'TestSuggestion21', NOW());
INSERT INTO Suggestions (SubmissionID, Username, Comment, Time) VALUES (6, 'ZodiacKiller', 'TestSuggestion22', NOW());
INSERT INTO Suggestions (SubmissionID, Username, Comment, Time) VALUES (6, 'Ali', 'TestSuggestion23', NOW());
INSERT INTO Suggestions (SubmissionID, Username, Comment, Time) VALUES (6, 'ZodiacKiller', 'TestSuggestion24', NOW());
INSERT INTO Suggestions (SubmissionID, Username, Comment, Time) VALUES (7, 'Ali', 'TestSuggestion25', NOW());
INSERT INTO Suggestions (SubmissionID, Username, Comment, Time) VALUES (7, 'ZodiacKiller', 'TestSuggestion26', NOW());
INSERT INTO Suggestions (SubmissionID, Username, Comment, Time) VALUES (7, 'Ali', 'TestSuggestion27', NOW());
INSERT INTO Suggestions (SubmissionID, Username, Comment, Time) VALUES (7, 'ZodiacKiller', 'TestSuggestion28', NOW());
INSERT INTO Suggestions (SubmissionID, Username, Comment, Time) VALUES (8, 'Ali', 'TestSuggestion29', NOW());
INSERT INTO Suggestions (SubmissionID, Username, Comment, Time) VALUES (8, 'ZodiacKiller', 'TestSuggestion30', NOW());
INSERT INTO Suggestions (SubmissionID, Username, Comment, Time) VALUES (8, 'Ali', 'TestSuggestion31', NOW());
INSERT INTO Suggestions (SubmissionID, Username, Comment, Time) VALUES (8, 'ZodiacKiller', 'TestSuggestion32', NOW());
INSERT INTO Suggestions (SubmissionID, Username, Comment, Time) VALUES (9, 'Ali', 'TestSuggestion33', NOW());
INSERT INTO Suggestions (SubmissionID, Username, Comment, Time) VALUES (9, 'ZodiacKiller', 'TestSuggestion34', NOW());
INSERT INTO Suggestions (SubmissionID, Username, Comment, Time) VALUES (9, 'Ali', 'TestSuggestion35', NOW());
INSERT INTO Suggestions (SubmissionID, Username, Comment, Time) VALUES (9, 'ZodiacKiller', 'TestSuggestion36', NOW());
INSERT INTO Suggestions (SubmissionID, Username, Comment, Time) VALUES (10, 'Ali', 'TestSuggestion37', NOW());
INSERT INTO Suggestions (SubmissionID, Username, Comment, Time) VALUES (10, 'ZodiacKiller', 'TestSuggestion38', NOW());
INSERT INTO Suggestions (SubmissionID, Username, Comment, Time) VALUES (10, 'Ali', 'TestSuggestion39', NOW());
INSERT INTO Suggestions (SubmissionID, Username, Comment, Time) VALUES (10, 'ZodiacKiller', 'TestSuggestion40', NOW());
INSERT INTO Suggestions (SubmissionID, Username, Comment, Time) VALUES (11, 'Ali', 'TestSuggestion41', NOW());
INSERT INTO Suggestions (SubmissionID, Username, Comment, Time) VALUES (11, 'ZodiacKiller', 'TestSuggestion42', NOW());
INSERT INTO Suggestions (SubmissionID, Username, Comment, Time) VALUES (11, 'Ali', 'TestSuggestion43', NOW());
INSERT INTO Suggestions (SubmissionID, Username, Comment, Time) VALUES (11, 'ZodiacKiller', 'TestSuggestion44', NOW());
INSERT INTO Suggestions (SubmissionID, Username, Comment, Time) VALUES (12, 'Ali', 'TestSuggestion45', NOW());
INSERT INTO Suggestions (SubmissionID, Username, Comment, Time) VALUES (12, 'ZodiacKiller', 'TestSuggestion46', NOW());
INSERT INTO Suggestions (SubmissionID, Username, Comment, Time) VALUES (12, 'Ali', 'TestSuggestion47', NOW());
INSERT INTO Suggestions (SubmissionID, Username, Comment, Time) VALUES (12, 'ZodiacKiller', 'TestSuggestion48', NOW());
INSERT INTO Suggestions (SubmissionID, Username, Comment, Time) VALUES (13, 'Ali', 'TestSuggestion49', NOW());
INSERT INTO Suggestions (SubmissionID, Username, Comment, Time) VALUES (13, 'ZodiacKiller', 'TestSuggestion50', NOW());
INSERT INTO Suggestions (SubmissionID, Username, Comment, Time) VALUES (13, 'Ali', 'TestSuggestion51', NOW());
INSERT INTO Suggestions (SubmissionID, Username, Comment, Time) VALUES (13, 'ZodiacKiller', 'TestSuggestion52', NOW());
INSERT INTO Suggestions (SubmissionID, Username, Comment, Time) VALUES (14, 'Ali', 'TestSuggestion53', NOW());
INSERT INTO Suggestions (SubmissionID, Username, Comment, Time) VALUES (14, 'ZodiacKiller', 'TestSuggestion54', NOW());
INSERT INTO Suggestions (SubmissionID, Username, Comment, Time) VALUES (14, 'Ali', 'TestSuggestion55', NOW());
INSERT INTO Suggestions (SubmissionID, Username, Comment, Time) VALUES (14, 'ZodiacKiller', 'TestSuggestion56', NOW());
INSERT INTO Suggestions (SubmissionID, Username, Comment, Time) VALUES (15, 'Ali', 'TestSuggestion57', NOW());
INSERT INTO Suggestions (SubmissionID, Username, Comment, Time) VALUES (15, 'ZodiacKiller', 'TestSuggestion58', NOW());
INSERT INTO Suggestions (SubmissionID, Username, Comment, Time) VALUES (15, 'Ali', 'TestSuggestion59', NOW());
INSERT INTO Suggestions (SubmissionID, Username, Comment, Time) VALUES (15, 'ZodiacKiller', 'TestSuggestion60', NOW());
INSERT INTO Suggestions (SubmissionID, Username, Comment, Time) VALUES (16, 'Ali', 'TestSuggestion61', NOW());
INSERT INTO Suggestions (SubmissionID, Username, Comment, Time) VALUES (16, 'ZodiacKiller', 'TestSuggestion62', NOW());
INSERT INTO Suggestions (SubmissionID, Username, Comment, Time) VALUES (16, 'Ali', 'TestSuggestion63', NOW());
INSERT INTO Suggestions (SubmissionID, Username, Comment, Time) VALUES (16, 'ZodiacKiller', 'TestSuggestion64', NOW());
